MedInc,HouseAge,AveRooms,AveBedrms,Population,AveOccup,Latitude,Longitude,MedHouseVal
8.3252,41,6.98,1.02,322,2.55,37.88,-122.23,4.526
8.3014,21,6.24,0.97,2401,2.11,37.86,-122.22,3.585
7.2574,52,8.28,1.07,496,2.8,37.85,-122.24,3.521
5.6431,52,5.81,1.07,558,2.54,37.85,-122.25,3.413
3.8462,52,6.28,1.08,565,2.18,37.85,-122.25,3.422
4.0368,52,4.76,1.1,413,2.13,37.85,-122.25,2.697
3.6591,52,4.93,1.05,1094,2.28,37.84,-122.26,2.992
3.12,42,5.5,1.0,800,2.4,37.8,-122.2,2.5
2.08,35,4.8,1.1,950,2.6,37.7,-122.1,2.1
1.95,28,4.2,1.0,1200,2.7,37.6,-122.0,1.8
